{
    "name": "blue", 
    "author": "drov-drov", 
    "text_color": [0.9764705882352941, 0.9686274509803922, 0.9686274509803922], 
    "button_color": [0.06666666666666667, 0.17647058823529413, 0.3058823529411765], 
    "button_textcolor": [0.9764705882352941, 0.9686274509803922, 0.9686274509803922], 
    "checkbox_color": [0.06666666666666667, 0.17647058823529413, 0.3058823529411765], 
    "checkbox_textcolor": [0.9764705882352941, 0.9686274509803922, 0.9686274509803922], 
    "container_color": [0.24705882352941178, 0.4470588235294118, 0.6862745098039216], 
    "color_multiple": 0.3, 
    "textcolor_multiple": 0
}