{
    "name": "green", 
    "author": "drov-drov", 
    "container_color": [0.2627450980392157, 0.47843137254901963, 0.2196078431372549], 
    "button_color": [0.18627450980392157, 0.2803921568627451, 0.20196078431372549], 
    "button_textcolor": [0.7725490196078432, 0.8431372549019608, 0.8431372549019608], 
    "checkbox_color": [0.18627450980392157, 0.2803921568627451, 0.20196078431372549], 
    "checkbox_textcolor": [0.7725490196078432, 0.8431372549019608, 0.8431372549019608], 
    "text_color": [1.0, 1.0, 1.0], 
    "color_multiple": 0.4, 
    "textcolor_multiple": 0.7
}